{
  "nodes": [
    {
      "op": "null", 
      "name": "data", 
      "inputs": []
    }, 
    {
      "op": "tvm_op", 
      "name": "fused_layout_transform_28", 
      "attrs": {
        "num_outputs": "1", 
        "src_layout": "NCHW", 
        "flatten_data": "0", 
        "dst_layout": "NCHW3c", 
        "hash": "3c998d2e2320a54f", 
        "func_name": "fused_layout_transform_28", 
        "num_inputs": "1"
      }, 
      "inputs": [
        [
          0, 
          0, 
          0
        ]
      ]
    }, 
    {
      "op": "null", 
      "name": "p0", 
      "inputs": []
    }, 
    {
      "op": "null", 
      "name": "p1", 
      "inputs": []
    }, 
    {
      "op": "tvm_op", 
      "name": "fused_nn_contrib_conv2d_NCHWc_add_nn_relu_7", 
      "attrs": {
        "num_outputs": "1", 
        "num_inputs": "3", 
        "data_layout": "NCHW3c", 
        "kernel_layout": "OIHW3i32o", 
        "hash": "fd5ff17ee689d21e", 
        "func_name": "fused_nn_contrib_conv2d_NCHWc_add_nn_relu_7", 
        "out_layout": "NCHW32c", 
        "flatten_data": "0"
      }, 
      "inputs": [
        [
          1, 
          0, 
          0
        ], 
        [
          2, 
          0, 
          0
        ], 
        [
          3, 
          0, 
          0
        ]
      ]
    }, 
    {
      "op": "tvm_op", 
      "name": "fused_nn_max_pool2d", 
      "attrs": {
        "num_outputs": "1", 
        "num_inputs": "1", 
        "flatten_data": "0", 
        "func_name": "fused_nn_max_pool2d", 
        "hash": "2f413ee4f7f06a6e", 
        "layout": "NCHW32c"
      }, 
      "inputs": [
        [
          4, 
          0, 
          0
        ]
      ]
    }, 
    {
      "op": "tvm_op", 
      "name": "fused_layout_transform_27", 
      "attrs": {
        "num_outputs": "1", 
        "src_layout": "NCHW32c", 
        "flatten_data": "0", 
        "dst_layout": "NCHW8c", 
        "hash": "37c1387e7e7af316", 
        "func_name": "fused_layout_transform_27", 
        "num_inputs": "1"
      }, 
      "inputs": [
        [
          5, 
          0, 
          0
        ]
      ]
    }, 
    {
      "op": "null", 
      "name": "p2", 
      "inputs": []
    }, 
    {
      "op": "null", 
      "name": "p3", 
      "inputs": []
    }, 
    {
      "op": "tvm_op", 
      "name": "fused_nn_contrib_conv2d_NCHWc_add_nn_relu_61", 
      "attrs": {
        "num_outputs": "1", 
        "num_inputs": "3", 
        "data_layout": "NCHW8c", 
        "kernel_layout": "OIHW8i16o", 
        "hash": "94897bd572af1fe0", 
        "func_name": "fused_nn_contrib_conv2d_NCHWc_add_nn_relu_6", 
        "out_layout": "NCHW16c", 
        "flatten_data": "0"
      }, 
      "inputs": [
        [
          6, 
          0, 
          0
        ], 
        [
          7, 
          0, 
          0
        ], 
        [
          8, 
          0, 
          0
        ]
      ]
    }, 
    {
      "op": "tvm_op", 
      "name": "fused_layout_transform_262", 
      "attrs": {
        "num_outputs": "1", 
        "src_layout": "NCHW16c", 
        "flatten_data": "0", 
        "dst_layout": "NCHW8c", 
        "hash": "25955ca47a945d7f", 
        "func_name": "fused_layout_transform_26", 
        "num_inputs": "1"
      }, 
      "inputs": [
        [
          9, 
          0, 
          0
        ]
      ]
    }, 
    {
      "op": "null", 
      "name": "p4", 
      "inputs": []
    }, 
    {
      "op": "null", 
      "name": "p5", 
      "inputs": []
    }, 
    {
      "op": "tvm_op", 
      "name": "fused_layout_transform_29", 
      "attrs": {
        "num_outputs": "1", 
        "src_layout": "NCHW32c", 
        "flatten_data": "0", 
        "dst_layout": "NCHW16c", 
        "hash": "d50fa1adb6e2f9e3", 
        "func_name": "fused_layout_transform_29", 
        "num_inputs": "1"
      }, 
      "inputs": [
        [
          5, 
          0, 
          0
        ]
      ]
    }, 
    {
      "op": "tvm_op", 
      "name": "fused_nn_contrib_conv2d_NCHWc_add_add_nn_relu_31", 
      "attrs": {
        "num_outputs": "1", 
        "num_inputs": "4", 
        "data_layout": "NCHW8c", 
        "kernel_layout": "OIHW8i16o", 
        "hash": "b74d1bcdb7a78ff4", 
        "func_name": "fused_nn_contrib_conv2d_NCHWc_add_add_nn_relu_3", 
        "out_layout": "NCHW16c", 
        "flatten_data": "0"
      }, 
      "inputs": [
        [
          10, 
          0, 
          0
        ], 
        [
          11, 
          0, 
          0
        ], 
        [
          12, 
          0, 
          0
        ], 
        [
          13, 
          0, 
          0
        ]
      ]
    }, 
    {
      "op": "tvm_op", 
      "name": "fused_layout_transform_261", 
      "attrs": {
        "num_outputs": "1", 
        "src_layout": "NCHW16c", 
        "flatten_data": "0", 
        "dst_layout": "NCHW8c", 
        "hash": "25955ca47a945d7f", 
        "func_name": "fused_layout_transform_26", 
        "num_inputs": "1"
      }, 
      "inputs": [
        [
          14, 
          0, 
          0
        ]
      ]
    }, 
    {
      "op": "null", 
      "name": "p6", 
      "inputs": []
    }, 
    {
      "op": "null", 
      "name": "p7", 
      "inputs": []
    }, 
    {
      "op": "tvm_op", 
      "name": "fused_nn_contrib_conv2d_NCHWc_add_nn_relu_6", 
      "attrs": {
        "num_outputs": "1", 
        "num_inputs": "3", 
        "data_layout": "NCHW8c", 
        "kernel_layout": "OIHW8i16o", 
        "hash": "94897bd572af1fe0", 
        "func_name": "fused_nn_contrib_conv2d_NCHWc_add_nn_relu_6", 
        "out_layout": "NCHW16c", 
        "flatten_data": "0"
      }, 
      "inputs": [
        [
          15, 
          0, 
          0
        ], 
        [
          16, 
          0, 
          0
        ], 
        [
          17, 
          0, 
          0
        ]
      ]
    }, 
    {
      "op": "tvm_op", 
      "name": "fused_layout_transform_26", 
      "attrs": {
        "num_outputs": "1", 
        "src_layout": "NCHW16c", 
        "flatten_data": "0", 
        "dst_layout": "NCHW8c", 
        "hash": "25955ca47a945d7f", 
        "func_name": "fused_layout_transform_26", 
        "num_inputs": "1"
      }, 
      "inputs": [
        [
          18, 
          0, 
          0
        ]
      ]
    }, 
    {
      "op": "null", 
      "name": "p8", 
      "inputs": []
    }, 
    {
      "op": "null", 
      "name": "p9", 
      "inputs": []
    }, 
    {
      "op": "tvm_op", 
      "name": "fused_nn_contrib_conv2d_NCHWc_add_add_nn_relu_3", 
      "attrs": {
        "num_outputs": "1", 
        "num_inputs": "4", 
        "data_layout": "NCHW8c", 
        "kernel_layout": "OIHW8i16o", 
        "hash": "b74d1bcdb7a78ff4", 
        "func_name": "fused_nn_contrib_conv2d_NCHWc_add_add_nn_relu_3", 
        "out_layout": "NCHW16c", 
        "flatten_data": "0"
      }, 
      "inputs": [
        [
          19, 
          0, 
          0
        ], 
        [
          20, 
          0, 
          0
        ], 
        [
          21, 
          0, 
          0
        ], 
        [
          14, 
          0, 
          0
        ]
      ]
    }, 
    {
      "op": "tvm_op", 
      "name": "fused_layout_transform_25", 
      "attrs": {
        "num_outputs": "1", 
        "src_layout": "NCHW16c", 
        "flatten_data": "0", 
        "dst_layout": "NCHW2c", 
        "hash": "28c0ab393f97f7d0", 
        "func_name": "fused_layout_transform_25", 
        "num_inputs": "1"
      }, 
      "inputs": [
        [
          22, 
          0, 
          0
        ]
      ]
    }, 
    {
      "op": "null", 
      "name": "p10", 
      "inputs": []
    }, 
    {
      "op": "null", 
      "name": "p11", 
      "inputs": []
    }, 
    {
      "op": "tvm_op", 
      "name": "fused_nn_contrib_conv2d_NCHWc_add_nn_relu_5", 
      "attrs": {
        "num_outputs": "1", 
        "num_inputs": "3", 
        "data_layout": "NCHW2c", 
        "kernel_layout": "OIHW2i16o", 
        "hash": "3270aade04870d87", 
        "func_name": "fused_nn_contrib_conv2d_NCHWc_add_nn_relu_5", 
        "out_layout": "NCHW16c", 
        "flatten_data": "0"
      }, 
      "inputs": [
        [
          23, 
          0, 
          0
        ], 
        [
          24, 
          0, 
          0
        ], 
        [
          25, 
          0, 
          0
        ]
      ]
    }, 
    {
      "op": "tvm_op", 
      "name": "fused_layout_transform_242", 
      "attrs": {
        "num_outputs": "1", 
        "src_layout": "NCHW16c", 
        "flatten_data": "0", 
        "dst_layout": "NCHW32c", 
        "hash": "b0e8a195175d6132", 
        "func_name": "fused_layout_transform_24", 
        "num_inputs": "1"
      }, 
      "inputs": [
        [
          26, 
          0, 
          0
        ]
      ]
    }, 
    {
      "op": "null", 
      "name": "p12", 
      "inputs": []
    }, 
    {
      "op": "null", 
      "name": "p13", 
      "inputs": []
    }, 
    {
      "op": "tvm_op", 
      "name": "fused_layout_transform_31", 
      "attrs": {
        "num_outputs": "1", 
        "src_layout": "NCHW16c", 
        "flatten_data": "0", 
        "dst_layout": "NCHW32c", 
        "hash": "b9fd1629745c0504", 
        "func_name": "fused_layout_transform_31", 
        "num_inputs": "1"
      }, 
      "inputs": [
        [
          22, 
          0, 
          0
        ]
      ]
    }, 
    {
      "op": "null", 
      "name": "p14", 
      "inputs": []
    }, 
    {
      "op": "null", 
      "name": "p15", 
      "inputs": []
    }, 
    {
      "op": "tvm_op", 
      "name": "fused_nn_contrib_conv2d_NCHWc_add", 
      "attrs": {
        "num_outputs": "1", 
        "num_inputs": "3", 
        "data_layout": "NCHW32c", 
        "kernel_layout": "OIHW32i32o", 
        "hash": "92d96ea3eb7dae22", 
        "func_name": "fused_nn_contrib_conv2d_NCHWc_add", 
        "out_layout": "NCHW32c", 
        "flatten_data": "0"
      }, 
      "inputs": [
        [
          30, 
          0, 
          0
        ], 
        [
          31, 
          0, 
          0
        ], 
        [
          32, 
          0, 
          0
        ]
      ]
    }, 
    {
      "op": "tvm_op", 
      "name": "fused_layout_transform_30", 
      "attrs": {
        "num_outputs": "1", 
        "src_layout": "NCHW32c", 
        "flatten_data": "0", 
        "dst_layout": "NCHW16c", 
        "hash": "3e72e50afd5e9518", 
        "func_name": "fused_layout_transform_30", 
        "num_inputs": "1"
      }, 
      "inputs": [
        [
          33, 
          0, 
          0
        ]
      ]
    }, 
    {
      "op": "tvm_op", 
      "name": "fused_nn_contrib_conv2d_NCHWc_add_add_nn_relu_21", 
      "attrs": {
        "num_outputs": "1", 
        "num_inputs": "4", 
        "data_layout": "NCHW32c", 
        "kernel_layout": "OIHW32i16o", 
        "hash": "e171ea2ca0578c49", 
        "func_name": "fused_nn_contrib_conv2d_NCHWc_add_add_nn_relu_2", 
        "out_layout": "NCHW16c", 
        "flatten_data": "0"
      }, 
      "inputs": [
        [
          27, 
          0, 
          0
        ], 
        [
          28, 
          0, 
          0
        ], 
        [
          29, 
          0, 
          0
        ], 
        [
          34, 
          0, 
          0
        ]
      ]
    }, 
    {
      "op": "tvm_op", 
      "name": "fused_layout_transform_241", 
      "attrs": {
        "num_outputs": "1", 
        "src_layout": "NCHW16c", 
        "flatten_data": "0", 
        "dst_layout": "NCHW32c", 
        "hash": "b0e8a195175d6132", 
        "func_name": "fused_layout_transform_24", 
        "num_inputs": "1"
      }, 
      "inputs": [
        [
          35, 
          0, 
          0
        ]
      ]
    }, 
    {
      "op": "null", 
      "name": "p16", 
      "inputs": []
    }, 
    {
      "op": "null", 
      "name": "p17", 
      "inputs": []
    }, 
    {
      "op": "tvm_op", 
      "name": "fused_nn_contrib_conv2d_NCHWc_add_nn_relu_4", 
      "attrs": {
        "num_outputs": "1", 
        "num_inputs": "3", 
        "data_layout": "NCHW32c", 
        "kernel_layout": "OIHW32i16o", 
        "hash": "5b96fe5532e177b1", 
        "func_name": "fused_nn_contrib_conv2d_NCHWc_add_nn_relu_4", 
        "out_layout": "NCHW16c", 
        "flatten_data": "0"
      }, 
      "inputs": [
        [
          36, 
          0, 
          0
        ], 
        [
          37, 
          0, 
          0
        ], 
        [
          38, 
          0, 
          0
        ]
      ]
    }, 
    {
      "op": "tvm_op", 
      "name": "fused_layout_transform_24", 
      "attrs": {
        "num_outputs": "1", 
        "src_layout": "NCHW16c", 
        "flatten_data": "0", 
        "dst_layout": "NCHW32c", 
        "hash": "b0e8a195175d6132", 
        "func_name": "fused_layout_transform_24", 
        "num_inputs": "1"
      }, 
      "inputs": [
        [
          39, 
          0, 
          0
        ]
      ]
    }, 
    {
      "op": "null", 
      "name": "p18", 
      "inputs": []
    }, 
    {
      "op": "null", 
      "name": "p19", 
      "inputs": []
    }, 
    {
      "op": "tvm_op", 
      "name": "fused_nn_contrib_conv2d_NCHWc_add_add_nn_relu_2", 
      "attrs": {
        "num_outputs": "1", 
        "num_inputs": "4", 
        "data_layout": "NCHW32c", 
        "kernel_layout": "OIHW32i16o", 
        "hash": "e171ea2ca0578c49", 
        "func_name": "fused_nn_contrib_conv2d_NCHWc_add_add_nn_relu_2", 
        "out_layout": "NCHW16c", 
        "flatten_data": "0"
      }, 
      "inputs": [
        [
          40, 
          0, 
          0
        ], 
        [
          41, 
          0, 
          0
        ], 
        [
          42, 
          0, 
          0
        ], 
        [
          35, 
          0, 
          0
        ]
      ]
    }, 
    {
      "op": "tvm_op", 
      "name": "fused_layout_transform_23", 
      "attrs": {
        "num_outputs": "1", 
        "src_layout": "NCHW16c", 
        "flatten_data": "0", 
        "dst_layout": "NCHW64c", 
        "hash": "45b61bfe20ce0be5", 
        "func_name": "fused_layout_transform_23", 
        "num_inputs": "1"
      }, 
      "inputs": [
        [
          43, 
          0, 
          0
        ]
      ]
    }, 
    {
      "op": "null", 
      "name": "p20", 
      "inputs": []
    }, 
    {
      "op": "null", 
      "name": "p21", 
      "inputs": []
    }, 
    {
      "op": "tvm_op", 
      "name": "fused_nn_contrib_conv2d_NCHWc_add_nn_relu_3", 
      "attrs": {
        "num_outputs": "1", 
        "num_inputs": "3", 
        "data_layout": "NCHW64c", 
        "kernel_layout": "OIHW64i32o", 
        "hash": "4c59833e6971a737", 
        "func_name": "fused_nn_contrib_conv2d_NCHWc_add_nn_relu_3", 
        "out_layout": "NCHW32c", 
        "flatten_data": "0"
      }, 
      "inputs": [
        [
          44, 
          0, 
          0
        ], 
        [
          45, 
          0, 
          0
        ], 
        [
          46, 
          0, 
          0
        ]
      ]
    }, 
    {
      "op": "tvm_op", 
      "name": "fused_layout_transform_22", 
      "attrs": {
        "num_outputs": "1", 
        "src_layout": "NCHW32c", 
        "flatten_data": "0", 
        "dst_layout": "NCHW256c", 
        "hash": "60cf96f6c7f244f1", 
        "func_name": "fused_layout_transform_22", 
        "num_inputs": "1"
      }, 
      "inputs": [
        [
          47, 
          0, 
          0
        ]
      ]
    }, 
    {
      "op": "null", 
      "name": "p22", 
      "inputs": []
    }, 
    {
      "op": "null", 
      "name": "p23", 
      "inputs": []
    }, 
    {
      "op": "null", 
      "name": "p24", 
      "inputs": []
    }, 
    {
      "op": "null", 
      "name": "p25", 
      "inputs": []
    }, 
    {
      "op": "tvm_op", 
      "name": "fused_nn_contrib_conv2d_NCHWc_add_1", 
      "attrs": {
        "num_outputs": "1", 
        "num_inputs": "3", 
        "data_layout": "NCHW16c", 
        "kernel_layout": "OIHW16i32o", 
        "hash": "253418a60f2d36fa", 
        "func_name": "fused_nn_contrib_conv2d_NCHWc_add_1", 
        "out_layout": "NCHW32c", 
        "flatten_data": "0"
      }, 
      "inputs": [
        [
          43, 
          0, 
          0
        ], 
        [
          51, 
          0, 
          0
        ], 
        [
          52, 
          0, 
          0
        ]
      ]
    }, 
    {
      "op": "tvm_op", 
      "name": "fused_layout_transform_32", 
      "attrs": {
        "num_outputs": "1", 
        "src_layout": "NCHW32c", 
        "flatten_data": "0", 
        "dst_layout": "NCHW8c", 
        "hash": "37a68e616a0df101", 
        "func_name": "fused_layout_transform_32", 
        "num_inputs": "1"
      }, 
      "inputs": [
        [
          53, 
          0, 
          0
        ]
      ]
    }, 
    {
      "op": "tvm_op", 
      "name": "fused_nn_contrib_conv2d_NCHWc_add_add_nn_relu_11", 
      "attrs": {
        "num_outputs": "1", 
        "num_inputs": "4", 
        "data_layout": "NCHW256c", 
        "kernel_layout": "OIHW256i8o", 
        "hash": "86b881138a66af77", 
        "func_name": "fused_nn_contrib_conv2d_NCHWc_add_add_nn_relu_1", 
        "out_layout": "NCHW8c", 
        "flatten_data": "0"
      }, 
      "inputs": [
        [
          48, 
          0, 
          0
        ], 
        [
          49, 
          0, 
          0
        ], 
        [
          50, 
          0, 
          0
        ], 
        [
          54, 
          0, 
          0
        ]
      ]
    }, 
    {
      "op": "tvm_op", 
      "name": "fused_layout_transform_212", 
      "attrs": {
        "num_outputs": "1", 
        "src_layout": "NCHW8c", 
        "flatten_data": "0", 
        "dst_layout": "NCHW256c", 
        "hash": "4f5a921ecb917d38", 
        "func_name": "fused_layout_transform_21", 
        "num_inputs": "1"
      }, 
      "inputs": [
        [
          55, 
          0, 
          0
        ]
      ]
    }, 
    {
      "op": "null", 
      "name": "p26", 
      "inputs": []
    }, 
    {
      "op": "null", 
      "name": "p27", 
      "inputs": []
    }, 
    {
      "op": "tvm_op", 
      "name": "fused_nn_contrib_conv2d_NCHWc_add_nn_relu_2", 
      "attrs": {
        "num_outputs": "1", 
        "num_inputs": "3", 
        "data_layout": "NCHW256c", 
        "kernel_layout": "OIHW256i8o", 
        "hash": "3a45531b08c058ee", 
        "func_name": "fused_nn_contrib_conv2d_NCHWc_add_nn_relu_2", 
        "out_layout": "NCHW8c", 
        "flatten_data": "0"
      }, 
      "inputs": [
        [
          56, 
          0, 
          0
        ], 
        [
          57, 
          0, 
          0
        ], 
        [
          58, 
          0, 
          0
        ]
      ]
    }, 
    {
      "op": "tvm_op", 
      "name": "fused_layout_transform_211", 
      "attrs": {
        "num_outputs": "1", 
        "src_layout": "NCHW8c", 
        "flatten_data": "0", 
        "dst_layout": "NCHW256c", 
        "hash": "4f5a921ecb917d38", 
        "func_name": "fused_layout_transform_21", 
        "num_inputs": "1"
      }, 
      "inputs": [
        [
          59, 
          0, 
          0
        ]
      ]
    }, 
    {
      "op": "null", 
      "name": "p28", 
      "inputs": []
    }, 
    {
      "op": "null", 
      "name": "p29", 
      "inputs": []
    }, 
    {
      "op": "tvm_op", 
      "name": "fused_nn_contrib_conv2d_NCHWc_add_add_nn_relu_1", 
      "attrs": {
        "num_outputs": "1", 
        "num_inputs": "4", 
        "data_layout": "NCHW256c", 
        "kernel_layout": "OIHW256i8o", 
        "hash": "86b881138a66af77", 
        "func_name": "fused_nn_contrib_conv2d_NCHWc_add_add_nn_relu_1", 
        "out_layout": "NCHW8c", 
        "flatten_data": "0"
      }, 
      "inputs": [
        [
          60, 
          0, 
          0
        ], 
        [
          61, 
          0, 
          0
        ], 
        [
          62, 
          0, 
          0
        ], 
        [
          55, 
          0, 
          0
        ]
      ]
    }, 
    {
      "op": "tvm_op", 
      "name": "fused_layout_transform_21", 
      "attrs": {
        "num_outputs": "1", 
        "src_layout": "NCHW8c", 
        "flatten_data": "0", 
        "dst_layout": "NCHW256c", 
        "hash": "4f5a921ecb917d38", 
        "func_name": "fused_layout_transform_21", 
        "num_inputs": "1"
      }, 
      "inputs": [
        [
          63, 
          0, 
          0
        ]
      ]
    }, 
    {
      "op": "null", 
      "name": "p30", 
      "inputs": []
    }, 
    {
      "op": "null", 
      "name": "p31", 
      "inputs": []
    }, 
    {
      "op": "tvm_op", 
      "name": "fused_nn_contrib_conv2d_NCHWc_add_nn_relu_1", 
      "attrs": {
        "num_outputs": "1", 
        "num_inputs": "3", 
        "data_layout": "NCHW256c", 
        "kernel_layout": "OIHW256i8o", 
        "hash": "a2cfbc8689b76873", 
        "func_name": "fused_nn_contrib_conv2d_NCHWc_add_nn_relu_1", 
        "out_layout": "NCHW8c", 
        "flatten_data": "0"
      }, 
      "inputs": [
        [
          64, 
          0, 
          0
        ], 
        [
          65, 
          0, 
          0
        ], 
        [
          66, 
          0, 
          0
        ]
      ]
    }, 
    {
      "op": "tvm_op", 
      "name": "fused_layout_transform_202", 
      "attrs": {
        "num_outputs": "1", 
        "src_layout": "NCHW8c", 
        "flatten_data": "0", 
        "dst_layout": "NCHW512c", 
        "hash": "7b3d71f8119b8dc8", 
        "func_name": "fused_layout_transform_20", 
        "num_inputs": "1"
      }, 
      "inputs": [
        [
          67, 
          0, 
          0
        ]
      ]
    }, 
    {
      "op": "null", 
      "name": "p32", 
      "inputs": []
    }, 
    {
      "op": "null", 
      "name": "p33", 
      "inputs": []
    }, 
    {
      "op": "tvm_op", 
      "name": "fused_layout_transform_34", 
      "attrs": {
        "num_outputs": "1", 
        "src_layout": "NCHW8c", 
        "flatten_data": "0", 
        "dst_layout": "NCHW128c", 
        "hash": "2b711120c0767951", 
        "func_name": "fused_layout_transform_34", 
        "num_inputs": "1"
      }, 
      "inputs": [
        [
          63, 
          0, 
          0
        ]
      ]
    }, 
    {
      "op": "null", 
      "name": "p34", 
      "inputs": []
    }, 
    {
      "op": "null", 
      "name": "p35", 
      "inputs": []
    }, 
    {
      "op": "tvm_op", 
      "name": "fused_nn_contrib_conv2d_NCHWc_add_2", 
      "attrs": {
        "num_outputs": "1", 
        "num_inputs": "3", 
        "data_layout": "NCHW128c", 
        "kernel_layout": "OIHW128i32o", 
        "hash": "0947e93bca147da0", 
        "func_name": "fused_nn_contrib_conv2d_NCHWc_add_2", 
        "out_layout": "NCHW32c", 
        "flatten_data": "0"
      }, 
      "inputs": [
        [
          71, 
          0, 
          0
        ], 
        [
          72, 
          0, 
          0
        ], 
        [
          73, 
          0, 
          0
        ]
      ]
    }, 
    {
      "op": "tvm_op", 
      "name": "fused_layout_transform_33", 
      "attrs": {
        "num_outputs": "1", 
        "src_layout": "NCHW32c", 
        "flatten_data": "0", 
        "dst_layout": "NCHW8c", 
        "hash": "39b411dad1c472cd", 
        "func_name": "fused_layout_transform_33", 
        "num_inputs": "1"
      }, 
      "inputs": [
        [
          74, 
          0, 
          0
        ]
      ]
    }, 
    {
      "op": "tvm_op", 
      "name": "fused_nn_contrib_conv2d_NCHWc_add_add_nn_relu1", 
      "attrs": {
        "num_outputs": "1", 
        "num_inputs": "4", 
        "data_layout": "NCHW512c", 
        "kernel_layout": "OIHW512i8o", 
        "hash": "969a81986483ecde", 
        "func_name": "fused_nn_contrib_conv2d_NCHWc_add_add_nn_relu", 
        "out_layout": "NCHW8c", 
        "flatten_data": "0"
      }, 
      "inputs": [
        [
          68, 
          0, 
          0
        ], 
        [
          69, 
          0, 
          0
        ], 
        [
          70, 
          0, 
          0
        ], 
        [
          75, 
          0, 
          0
        ]
      ]
    }, 
    {
      "op": "tvm_op", 
      "name": "fused_layout_transform_201", 
      "attrs": {
        "num_outputs": "1", 
        "src_layout": "NCHW8c", 
        "flatten_data": "0", 
        "dst_layout": "NCHW512c", 
        "hash": "7b3d71f8119b8dc8", 
        "func_name": "fused_layout_transform_20", 
        "num_inputs": "1"
      }, 
      "inputs": [
        [
          76, 
          0, 
          0
        ]
      ]
    }, 
    {
      "op": "null", 
      "name": "p36", 
      "inputs": []
    }, 
    {
      "op": "null", 
      "name": "p37", 
      "inputs": []
    }, 
    {
      "op": "tvm_op", 
      "name": "fused_nn_contrib_conv2d_NCHWc_add_nn_relu", 
      "attrs": {
        "num_outputs": "1", 
        "num_inputs": "3", 
        "data_layout": "NCHW512c", 
        "kernel_layout": "OIHW512i8o", 
        "hash": "2b81d199cdb56495", 
        "func_name": "fused_nn_contrib_conv2d_NCHWc_add_nn_relu", 
        "out_layout": "NCHW8c", 
        "flatten_data": "0"
      }, 
      "inputs": [
        [
          77, 
          0, 
          0
        ], 
        [
          78, 
          0, 
          0
        ], 
        [
          79, 
          0, 
          0
        ]
      ]
    }, 
    {
      "op": "tvm_op", 
      "name": "fused_layout_transform_20", 
      "attrs": {
        "num_outputs": "1", 
        "src_layout": "NCHW8c", 
        "flatten_data": "0", 
        "dst_layout": "NCHW512c", 
        "hash": "7b3d71f8119b8dc8", 
        "func_name": "fused_layout_transform_20", 
        "num_inputs": "1"
      }, 
      "inputs": [
        [
          80, 
          0, 
          0
        ]
      ]
    }, 
    {
      "op": "null", 
      "name": "p38", 
      "inputs": []
    }, 
    {
      "op": "null", 
      "name": "p39", 
      "inputs": []
    }, 
    {
      "op": "tvm_op", 
      "name": "fused_nn_contrib_conv2d_NCHWc_add_add_nn_relu", 
      "attrs": {
        "num_outputs": "1", 
        "num_inputs": "4", 
        "out_layout": "NCHW8c", 
        "kernel_layout": "OIHW512i8o", 
        "hash": "969a81986483ecde", 
        "func_name": "fused_nn_contrib_conv2d_NCHWc_add_add_nn_relu", 
        "data_layout": "NCHW512c", 
        "flatten_data": "0"
      }, 
      "inputs": [
        [
          81, 
          0, 
          0
        ], 
        [
          82, 
          0, 
          0
        ], 
        [
          83, 
          0, 
          0
        ], 
        [
          76, 
          0, 
          0
        ]
      ]
    }, 
    {
      "op": "tvm_op", 
      "name": "fused_nn_avg_pool2d", 
      "attrs": {
        "num_outputs": "1", 
        "num_inputs": "1", 
        "flatten_data": "0", 
        "func_name": "fused_nn_avg_pool2d", 
        "hash": "0192cc6e1c542368", 
        "layout": "NCHW8c"
      }, 
      "inputs": [
        [
          84, 
          0, 
          0
        ]
      ]
    }, 
    {
      "op": "tvm_op", 
      "name": "fused_layout_transform_reshape", 
      "attrs": {
        "num_outputs": "1", 
        "src_layout": "NCHW8c", 
        "flatten_data": "0", 
        "dst_layout": "NCHW", 
        "hash": "a6ad96732418b0b5", 
        "func_name": "fused_layout_transform_reshape", 
        "num_inputs": "1"
      }, 
      "inputs": [
        [
          85, 
          0, 
          0
        ]
      ]
    }, 
    {
      "op": "null", 
      "name": "p40", 
      "inputs": []
    }, 
    {
      "op": "null", 
      "name": "p41", 
      "inputs": []
    }, 
    {
      "op": "tvm_op", 
      "name": "fused_nn_contrib_dense_pack_add", 
      "attrs": {
        "num_outputs": "1", 
        "num_inputs": "3", 
        "flatten_data": "0", 
        "hash": "643e4d757f974a4c", 
        "func_name": "fused_nn_contrib_dense_pack_add"
      }, 
      "inputs": [
        [
          86, 
          0, 
          0
        ], 
        [
          87, 
          0, 
          0
        ], 
        [
          88, 
          0, 
          0
        ]
      ]
    }, 
    {
      "op": "tvm_op", 
      "name": "fused_layout_transform_35", 
      "attrs": {
        "num_outputs": "1", 
        "src_layout": "NCHW8c", 
        "flatten_data": "0", 
        "dst_layout": "NCHW", 
        "hash": "621e90a420f9dad0", 
        "func_name": "fused_layout_transform_35", 
        "num_inputs": "1"
      }, 
      "inputs": [
        [
          84, 
          0, 
          0
        ]
      ]
    }
  ], 
  "arg_nodes": [
    0, 
    2, 
    3, 
    7, 
    8, 
    11, 
    12, 
    16, 
    17, 
    20, 
    21, 
    24, 
    25, 
    28, 
    29, 
    31, 
    32, 
    37, 
    38, 
    41, 
    42, 
    45, 
    46, 
    49, 
    50, 
    51, 
    52, 
    57, 
    58, 
    61, 
    62, 
    65, 
    66, 
    69, 
    70, 
    72, 
    73, 
    78, 
    79, 
    82, 
    83, 
    87, 
    88
  ], 
  "heads": [
    [
      89, 
      0, 
      0
    ], 
    [
      90, 
      0, 
      0
    ]
  ], 
  "attrs": {
    "dltype": [
      "list_str", 
      [
        "float32", 
        "float32", 
        "float32", 
        "float32", 
        "float32", 
        "float32", 
        "float32", 
        "float32", 
        "float32", 
        "float32", 
        "float32", 
        "float32", 
        "float32", 
        "float32", 
        "float32", 
        "float32", 
        "float32", 
        "float32", 
        "float32", 
        "float32", 
        "float32", 
        "float32", 
        "float32", 
        "float32", 
        "float32", 
        "float32", 
        "float32", 
        "float32", 
        "float32", 
        "float32", 
        "float32", 
        "float32", 
        "float32", 
        "float32", 
        "float32", 
        "float32", 
        "float32", 
        "float32", 
        "float32", 
        "float32", 
        "float32", 
        "float32", 
        "float32", 
        "float32", 
        "float32", 
        "float32", 
        "float32", 
        "float32", 
        "float32", 
        "float32", 
        "float32", 
        "float32", 
        "float32", 
        "float32", 
        "float32", 
        "float32", 
        "float32", 
        "float32", 
        "float32", 
        "float32", 
        "float32", 
        "float32", 
        "float32", 
        "float32", 
        "float32", 
        "float32", 
        "float32", 
        "float32", 
        "float32", 
        "float32", 
        "float32", 
        "float32", 
        "float32", 
        "float32", 
        "float32", 
        "float32", 
        "float32", 
        "float32", 
        "float32", 
        "float32", 
        "float32", 
        "float32", 
        "float32", 
        "float32", 
        "float32", 
        "float32", 
        "float32", 
        "float32", 
        "float32", 
        "float32", 
        "float32"
      ]
    ], 
    "shape": [
      "list_shape", 
      [
        [1, 3, 224, 224], 
        [1, 1, 224, 224, 3], 
        [2, 1, 7, 7, 3, 32], 
        [1, 2, 1, 1, 32], 
        [1, 2, 112, 112, 32], 
        [1, 2, 56, 56, 32], 
        [1, 8, 56, 56, 8], 
        [4, 8, 3, 3, 8, 16], 
        [1, 4, 1, 1, 16], 
        [1, 4, 56, 56, 16], 
        [1, 8, 56, 56, 8], 
        [4, 8, 3, 3, 8, 16], 
        [1, 4, 1, 1, 16], 
        [1, 4, 56, 56, 16], 
        [1, 4, 56, 56, 16], 
        [1, 8, 56, 56, 8], 
        [4, 8, 3, 3, 8, 16], 
        [1, 4, 1, 1, 16], 
        [1, 4, 56, 56, 16], 
        [1, 8, 56, 56, 8], 
        [4, 8, 3, 3, 8, 16], 
        [1, 4, 1, 1, 16], 
        [1, 4, 56, 56, 16], 
        [1, 32, 56, 56, 2], 
        [8, 32, 3, 3, 2, 16], 
        [1, 8, 1, 1, 16], 
        [1, 8, 28, 28, 16], 
        [1, 4, 28, 28, 32], 
        [8, 4, 3, 3, 32, 16], 
        [1, 8, 1, 1, 16], 
        [1, 2, 56, 56, 32], 
        [4, 2, 1, 1, 32, 32], 
        [1, 4, 1, 1, 32], 
        [1, 4, 28, 28, 32], 
        [1, 8, 28, 28, 16], 
        [1, 8, 28, 28, 16], 
        [1, 4, 28, 28, 32], 
        [8, 4, 3, 3, 32, 16], 
        [1, 8, 1, 1, 16], 
        [1, 8, 28, 28, 16], 
        [1, 4, 28, 28, 32], 
        [8, 4, 3, 3, 32, 16], 
        [1, 8, 1, 1, 16], 
        [1, 8, 28, 28, 16], 
        [1, 2, 28, 28, 64], 
        [8, 2, 3, 3, 64, 32], 
        [1, 8, 1, 1, 32], 
        [1, 8, 14, 14, 32], 
        [1, 1, 14, 14, 256], 
        [32, 1, 3, 3, 256, 8], 
        [1, 32, 1, 1, 8], 
        [8, 8, 1, 1, 16, 32], 
        [1, 8, 1, 1, 32], 
        [1, 8, 14, 14, 32], 
        [1, 32, 14, 14, 8], 
        [1, 32, 14, 14, 8], 
        [1, 1, 14, 14, 256], 
        [32, 1, 3, 3, 256, 8], 
        [1, 32, 1, 1, 8], 
        [1, 32, 14, 14, 8], 
        [1, 1, 14, 14, 256], 
        [32, 1, 3, 3, 256, 8], 
        [1, 32, 1, 1, 8], 
        [1, 32, 14, 14, 8], 
        [1, 1, 14, 14, 256], 
        [64, 1, 3, 3, 256, 8], 
        [1, 64, 1, 1, 8], 
        [1, 64, 7, 7, 8], 
        [1, 1, 7, 7, 512], 
        [64, 1, 3, 3, 512, 8], 
        [1, 64, 1, 1, 8], 
        [1, 2, 14, 14, 128], 
        [16, 2, 1, 1, 128, 32], 
        [1, 16, 1, 1, 32], 
        [1, 16, 7, 7, 32], 
        [1, 64, 7, 7, 8], 
        [1, 64, 7, 7, 8], 
        [1, 1, 7, 7, 512], 
        [64, 1, 3, 3, 512, 8], 
        [1, 64, 1, 1, 8], 
        [1, 64, 7, 7, 8], 
        [1, 1, 7, 7, 512], 
        [64, 1, 3, 3, 512, 8], 
        [1, 64, 1, 1, 8], 
        [1, 64, 7, 7, 8], 
        [1, 64, 1, 1, 8], 
        [1, 512], 
        [1, 512, 6], 
        [6], 
        [1, 6], 
        [1, 512, 7, 7]
      ]
    ], 
    "storage_id": [
      "list_int", 
      [
        0, 
        1, 
        2, 
        3, 
        4, 
        1, 
        4, 
        5, 
        6, 
        7, 
        4, 
        8, 
        9, 
        7, 
        1, 
        7, 
        10, 
        11, 
        4, 
        7, 
        12, 
        13, 
        4, 
        7, 
        14, 
        15, 
        1, 
        7, 
        16, 
        17, 
        1, 
        18, 
        19, 
        4, 
        1, 
        4, 
        7, 
        20, 
        21, 
        1, 
        7, 
        22, 
        23, 
        1, 
        7, 
        24, 
        25, 
        4, 
        7, 
        26, 
        27, 
        28, 
        29, 
        4, 
        1, 
        4, 
        7, 
        30, 
        31, 
        1, 
        7, 
        32, 
        33, 
        1, 
        7, 
        34, 
        35, 
        36, 
        7, 
        37, 
        38, 
        4, 
        39, 
        40, 
        36, 
        1, 
        36, 
        7, 
        41, 
        42, 
        1, 
        7, 
        43, 
        44, 
        1, 
        45, 
        46, 
        47, 
        48, 
        49, 
        36
      ]
    ]
  }, 
  "node_row_ptr": [
    0, 
    1, 
    2, 
    3, 
    4, 
    5, 
    6, 
    7, 
    8, 
    9, 
    10, 
    11, 
    12, 
    13, 
    14, 
    15, 
    16, 
    17, 
    18, 
    19, 
    20, 
    21, 
    22, 
    23, 
    24, 
    25, 
    26, 
    27, 
    28, 
    29, 
    30, 
    31, 
    32, 
    33, 
    34, 
    35, 
    36, 
    37, 
    38, 
    39, 
    40, 
    41, 
    42, 
    43, 
    44, 
    45, 
    46, 
    47, 
    48, 
    49, 
    50, 
    51, 
    52, 
    53, 
    54, 
    55, 
    56, 
    57, 
    58, 
    59, 
    60, 
    61, 
    62, 
    63, 
    64, 
    65, 
    66, 
    67, 
    68, 
    69, 
    70, 
    71, 
    72, 
    73, 
    74, 
    75, 
    76, 
    77, 
    78, 
    79, 
    80, 
    81, 
    82, 
    83, 
    84, 
    85, 
    86, 
    87, 
    88, 
    89, 
    90, 
    91
  ]
}